Type;Action;View;Record_name;Value;Alias Target/MX preferance;New_Record;New Value
TXT;Delete;common;_dmarc.advancedacademics.com;"v=DMARC1; p=reject";;;
TXT;Delete;common;_dmarc.alabamaconnectionsacademy.com;"v=DMARC1; p=reject";;;
TXT;Delete;common;_dmarc.alaskaconnectionsacademy.net;"v=DMARC1; p=reject";;;
TXT;Delete;common;_dmarc.alaskaconnectionsacademy.org;"v=DMARC1; p=reject";;;
TXT;Delete;common;_dmarc.arizonaconnectionsacademy.com;"v=DMARC1; p=reject";;;
TXT;Delete;common;_dmarc.arizonaconnectionsacademy.org;"v=DMARC1; p=reject";;;
TXT;Delete;common;_dmarc.askpearsonsupport.com;"v=DMARC1; p=reject";;;
TXT;Delete;common;_dmarc.brooklyncityprep.org;"v=DMARC1; p=reject";;;
TXT;Delete;common;_dmarc.btec.mobi;"v=DMARC1; p=reject";;;
TXT;Delete;common;_dmarc.btechnd.com;"v=DMARC1; p=reject";;;
TXT;Delete;common;_dmarc.btecworks.com;"v=DMARC1; p=reject";;;
TXT;Delete;common;_dmarc.bublcareers.com;"v=DMARC1; p=reject";;;
TXT;Delete;common;_dmarc.ca.zone;"v=DMARC1; p=reject";;;
TXT;Delete;common;_dmarc.cacluborange.com;"v=DMARC1; p=reject";;;
TXT;Delete;common;_dmarc.caconnectionsacademy.com;"v=DMARC1; p=reject";;;
TXT;Delete;common;_dmarc.cadev.zone;"v=DMARC1; p=reject";;;
TXT;Delete;common;_dmarc.californiacareeracademy.com;"v=DMARC1; p=reject";;;
TXT;Delete;common;_dmarc.californiaconnectionsacademy.org;"v=DMARC1; p=reject";;;
TXT;Delete;common;_dmarc.capistranoconnectionsacademy.org;"v=DMARC1; p=reject";;;
TXT;Delete;common;_dmarc.caquizbowl.com;"v=DMARC1; p=reject";;;
TXT;Delete;common;_dmarc.careersfocus.com;"v=DMARC1; p=reject";;;
TXT;Delete;common;_dmarc.ca-schools.org;"v=DMARC1; p=reject";;;
TXT;Delete;common;_dmarc.catest.zone;"v=DMARC1; p=reject";;;
TXT;Delete;common;_dmarc.catholiclearningonline.com;"v=DMARC1; p=reject";;;
TXT;Delete;common;_dmarc.catholiclearningonline.org;"v=DMARC1; p=reject";;;
TXT;Delete;common;_dmarc.catholiconlinelearning.net;"v=DMARC1; p=reject";;;
TXT;Delete;common;_dmarc.catholiconlinelearning.org;"v=DMARC1; p=reject";;;
TXT;Delete;common;_dmarc.catholicvip.org;"v=DMARC1; p=reject";;;
TXT;Delete;common;_dmarc.catholicvs.net;"v=DMARC1; p=reject";;;
TXT;Delete;common;_dmarc.catholicvs.org;"v=DMARC1; p=reject";;;
TXT;Delete;common;_dmarc.cbsenext.com;"v=DMARC1; p=reject";;;
TXT;Delete;common;_dmarc.ccacharter.org;"v=DMARC1; p=reject";;;
TXT;Delete;common;_dmarc.ccacharterschool.net;"v=DMARC1; p=reject";;;
TXT;Delete;common;_dmarc.ccacharterschool.org;"v=DMARC1; p=reject";;;
TXT;Delete;common;_dmarc.ccacyber.org;"v=DMARC1; p=reject";;;
TXT;Delete;common;_dmarc.ccacyberschool.com;"v=DMARC1; p=reject";;;
TXT;Delete;common;_dmarc.ccacyberschool.net;"v=DMARC1; p=reject";;;
TXT;Delete;common;_dmarc.ccacyberschool.org;"v=DMARC1; p=reject";;;
TXT;Delete;common;_dmarc.ccaonlineschool.org;"v=DMARC1; p=reject";;;
TXT;Delete;common;_dmarc.ccavirtual.net;"v=DMARC1; p=reject";;;
TXT;Delete;common;_dmarc.ccavirtual.org;"v=DMARC1; p=reject";;;
TXT;Delete;common;_dmarc.ccavirtualschool.com;"v=DMARC1; p=reject";;;
TXT;Delete;common;_dmarc.ccavirtualschool.org;"v=DMARC1; p=reject";;;
TXT;Delete;common;_dmarc.centralcaliforniaconnectionsacademy.com;"v=DMARC1; p=reject";;;
TXT;Delete;common;_dmarc.centralcaliforniaconnectionsacademy.org;"v=DMARC1; p=reject";;;
TXT;Delete;common;_dmarc.certifyyourfuture.com;"v=DMARC1; p=reject";;;
TXT;Delete;common;_dmarc.certiport.org;"v=DMARC1; p=reject";;;
TXT;Delete;common;_dmarc.childrenspicturedictionary.com;"v=DMARC1; p=quarantine";;;
TXT;Delete;common;_dmarc.clinicalassessment.com;"v=DMARC1; p=reject";;;
TXT;Delete;common;_dmarc.cluborangecorner.com;"v=DMARC1; p=reject";;;
TXT;Delete;common;_dmarc.coastalconnectionsacademy.com;"v=DMARC1; p=reject";;;
TXT;Delete;common;_dmarc.coastalconnectionsacademy.net;"v=DMARC1; p=reject";;;
TXT;Delete;common;_dmarc.collegeplus.net;"v=DMARC1; p=reject";;;
TXT;Delete;common;_dmarc.coloradoconnectionsacademy.com;"v=DMARC1; p=reject";;;
TXT;Delete;common;_dmarc.coloradoconnectionsacademy.org;"v=DMARC1; p=reject";;;
TXT;Delete;common;_dmarc.commonwealthconnectionsacademy.net;"v=DMARC1; p=reject";;;
TXT;Delete;common;_dmarc.commonwealthconnectionsacademy.org;"v=DMARC1; p=reject";;;
TXT;Delete;common;_dmarc.commonwealthcyberacademy.com;"v=DMARC1; p=reject";;;
TXT;Delete;common;_dmarc.commonwealthcyberacademy.net;"v=DMARC1; p=reject";;;
TXT;Delete;common;_dmarc.commonwealthcyberacademy.org;"v=DMARC1; p=reject";;;
TXT;Delete;common;_dmarc.connacad.com;"v=DMARC1; p=reject";;;
TXT;Delete;common;_dmarc.connecticutconnectionsacademy.com;"v=DMARC1; p=reject";;;
TXT;Delete;common;_dmarc.connectionacademies.com;"v=DMARC1; p=reject";;;
TXT;Delete;common;_dmarc.connectionacademy.com;"v=DMARC1; p=reject";;;
TXT;Delete;common;_dmarc.connectionsacademies.com;"v=DMARC1; p=reject";;;
TXT;Delete;common;_dmarc.connectionsacademy.biz;"v=DMARC1; p=reject";;;
TXT;Delete;common;_dmarc.connectionsacademy.cn;"v=DMARC1; p=reject";;;
TXT;Delete;common;_dmarc.connectionsacademy.com.cn;"v=DMARC1; p=reject";;;
TXT;Delete;common;_dmarc.connectionsacademy.net;"v=DMARC1; p=reject";;;
TXT;Delete;common;_dmarc.connectionsacademydev.org;"v=DMARC1; p=reject";;;
TXT;Delete;common;_dmarc.connectionsacademylearning.org;"v=DMARC1; p=reject";;;
TXT;Delete;common;_dmarc.connectionsacademytest.org;"v=DMARC1; p=reject";;;
TXT;Delete;common;_dmarc.connectionscourses.net;"v=DMARC1; p=reject";;;
TXT;Delete;common;_dmarc.connectionscourses.org;"v=DMARC1; p=reject";;;
TXT;Delete;common;_dmarc.connectionseducation.org;"v=DMARC1; p=reject";;;
TXT;Delete;common;_dmarc.connectionsfusion.net;"v=DMARC1; p=reject";;;
TXT;Delete;common;_dmarc.connectionsfusion.org;"v=DMARC1; p=reject";;;
TXT;Delete;common;_dmarc.connectionslearning.net;"v=DMARC1; p=reject";;;
TXT;Delete;common;_dmarc.connectionslearningfusion.org;"v=DMARC1; p=reject";;;
TXT;Delete;common;_dmarc.connectionslive.org;"v=DMARC1; p=reject";;;
TXT;Delete;common;_dmarc.connectionsliveteach.com;"v=DMARC1; p=reject";;;
TXT;Delete;common;_dmarc.connectionsliveteach.net;"v=DMARC1; p=reject";;;
TXT;Delete;common;_dmarc.connectquest.org;"v=DMARC1; p=reject";;;
TXT;Delete;common;_dmarc.connexuslearning.net;"v=DMARC1; p=reject";;;
TXT;Delete;common;_dmarc.cyberschoolonwheels.com;"v=DMARC1; p=reject";;;
TXT;Delete;common;_dmarc.debtfreescholar.com;"v=DMARC1; p=reject";;;
TXT;Delete;common;_dmarc.degreemanager.org;"v=DMARC1; p=reject";;;
TXT;Delete;common;_dmarc.eclg.org;"v=DMARC1; p=reject";;;
TXT;Delete;common;_dmarc.edcoradvising.com;"v=DMARC1; p=reject";;;
TXT;Delete;common;_dmarc.edcoradvising.net;"v=DMARC1; p=reject";;;
TXT;Delete;common;_dmarc.edcoradvising.org;"v=DMARC1; p=reject";;;
TXT;Delete;common;_dmarc.edexcel.org;"v=DMARC1; p=reject";;;
TXT;Delete;common;_dmarc.edexcel.us;"v=DMARC1; p=reject";;;
TXT;Delete;common;_dmarc.edexcelinternational.org;"v=DMARC1; p=reject";;;
TXT;Delete;common;_dmarc.edexcel-international.org;"v=DMARC1; p=reject";;;
TXT;Delete;common;_dmarc.edexcelonline.org;"v=DMARC1; p=reject";;;
TXT;Delete;common;_dmarc.edexcelpastpapers.com;"v=DMARC1; p=reject";;;
TXT;Delete;common;_dmarc.educationvendor.com;"v=DMARC1; p=reject";;;
TXT;Delete;common;_dmarc.edxcel.org;"v=DMARC1; p=reject";;;
TXT;Delete;common;_dmarc.exam2score.com;"v=DMARC1; p=reject";;;
TXT;Delete;common;_dmarc.falconviewconnectionsacademy.com;"v=DMARC1; p=reject";;;
TXT;Delete;common;_dmarc.fifty-fifty-series.com;"v=DMARC1; p=reject";;;
TXT;Delete;common;_dmarc.fillmorevirtualacademy.info;"v=DMARC1; p=reject";;;
TXT;Delete;common;_dmarc.flconnectionsacademy.com;"v=DMARC1; p=reject";;;
TXT;Delete;common;_dmarc.floridaconnectionsacademy.net;"v=DMARC1; p=reject";;;
TXT;Delete;common;_dmarc.floridaconnectionsacademy.org;"v=DMARC1; p=reject";;;
TXT;Delete;common;_dmarc.founderscollege.net;"v=DMARC1; p=reject";;;
TXT;Delete;common;_dmarc.freedomeducationpartners.com;"v=DMARC1; p=reject";;;
TXT;Delete;common;_dmarc.fvconnectionsacademy.com;"v=DMARC1; p=reject";;;
TXT;Delete;common;_dmarc.gaconnectionsacademy.com;"v=DMARC1; p=reject";;;
TXT;Delete;common;_dmarc.geleceknesilogrenme.com;"v=DMARC1; p=reject";;;
TXT;Delete;common;_dmarc.georgiaconnectionsacademy.net;"v=DMARC1; p=reject";;;
TXT;Delete;common;_dmarc.georgiaconnectionsacademy.org;"v=DMARC1; p=reject";;;
TXT;Delete;common;_dmarc.globalenglishblog.com;"v=DMARC1; p=reject";;;
TXT;Delete;common;_dmarc.greatlakescharteracademy.org;"v=DMARC1; p=reject";;;
TXT;Delete;common;_dmarc.greatlakesconnectionsacademy.com;"v=DMARC1; p=reject";;;
TXT;Delete;common;_dmarc.greatlakesconnectionsacademy.org;"v=DMARC1; p=reject";;;
TXT;Delete;common;_dmarc.greatlakescyberacademy.com;"v=DMARC1; p=reject";;;
TXT;Delete;common;_dmarc.greatlakescyberacademy.net;"v=DMARC1; p=reject";;;
TXT;Delete;common;_dmarc.greatlakescyberacademy.org;"v=DMARC1; p=reject";;;
TXT;Delete;common;_dmarc.greatlakescyberschool.com;"v=DMARC1; p=reject";;;
TXT;Delete;common;_dmarc.greatriverconnectionsacademy.com;"v=DMARC1; p=reject";;;
TXT;Delete;common;_dmarc.greatriverconnectionsacademy.org;"v=DMARC1; p=reject";;;
TXT;Delete;common;_dmarc.hawaiiconnectionsacademy.com;"v=DMARC1; p=reject";;;
TXT;Delete;common;_dmarc.hebrewlearningonline.org;"v=DMARC1; p=reject";;;
TXT;Delete;common;_dmarc.hebrewonlinelearning.com;"v=DMARC1; p=reject";;;
TXT;Delete;common;_dmarc.hebrewonlinelearning.org;"v=DMARC1; p=reject";;;
TXT;Delete;common;_dmarc.hebrewvip.net;"v=DMARC1; p=reject";;;
TXT;Delete;common;_dmarc.hebrewvip.org;"v=DMARC1; p=reject";;;
TXT;Delete;common;_dmarc.hebrewvs.com;"v=DMARC1; p=reject";;;
TXT;Delete;common;_dmarc.hebrewvs.org;"v=DMARC1; p=reject";;;
TXT;Delete;common;_dmarc.hpm-elearning.com;"v=DMARC1; p=reject";;;
TXT;Delete;common;_dmarc.idahoconnectionsacademy.net;"v=DMARC1; p=reject";;;
TXT;Delete;common;_dmarc.idahoconnectionsacademy.org;"v=DMARC1; p=reject";;;
TXT;Delete;common;_dmarc.illinoisconnectionsacademy.com;"v=DMARC1; p=reject";;;
TXT;Delete;common;_dmarc.inconnectionsacademy.com;"v=DMARC1; p=reject";;;
TXT;Delete;common;_dmarc.indianaconnectionsacademy.org;"v=DMARC1; p=reject";;;
TXT;Delete;common;_dmarc.internationalconnectionsacademy.com;"v=DMARC1; p=reject";;;
TXT;Delete;common;_dmarc.iso-30.info;"v=DMARC1; p=reject";;;
TXT;Delete;common;_dmarc.jacksonholeconnectionsacademy.com;"v=DMARC1; p=reject";;;
TXT;Delete;common;_dmarc.jacksonholeconnectionsacademy.net;"v=DMARC1; p=reject";;;
TXT;Delete;common;_dmarc.jacksonholeconnectionsacademy.org;"v=DMARC1; p=reject";;;
TXT;Delete;common;_dmarc.javaalmanac.com;"v=DMARC1; p=reject";;;
TXT;Delete;common;_dmarc.kansasconnectionsacademy.com;"v=DMARC1; p=reject";;;
TXT;Delete;common;_dmarc.kansasconnectionsacademy.org;"v=DMARC1; p=reject";;;
TXT;Delete;common;_dmarc.kentuckyconnectionsacademy.com;"v=DMARC1; p=reject";;;
TXT;Delete;common;_dmarc.kto8b.com;"v=DMARC1; p=reject";;;
TXT;Delete;common;_dmarc.lccicyprus.com;"v=DMARC1; p=reject";;;
TXT;Delete;common;_dmarc.learningonline.net;"v=DMARC1; p=reject";;;
TXT;Delete;common;_dmarc.libertyeducationpartners.com;"v=DMARC1; p=reject";;;
TXT;Delete;common;_dmarc.lighthouseconnectionsacademy.com;"v=DMARC1; p=reject";;;
TXT;Delete;common;_dmarc.lighthouseconnectionsacademy.net;"v=DMARC1; p=reject";;;
TXT;Delete;common;_dmarc.lighthouseconnectionsacademy.org;"v=DMARC1; p=reject";;;
TXT;Delete;common;_dmarc.lingoverse.com;"v=DMARC1; p=reject";;;
TXT;Delete;common;_dmarc.livelesson.org;"v=DMARC1; p=reject";;;
TXT;Delete;common;_dmarc.livelessonconnect.com;"v=DMARC1; p=reject";;;
TXT;Delete;common;_dmarc.livelessons.net;"v=DMARC1; p=reject";;;
TXT;Delete;common;_dmarc.livespeechconnect.com;"v=DMARC1; p=reject";;;
TXT;Delete;common;_dmarc.longmanlearning.com;"v=DMARC1; p=reject";;;
TXT;Delete;common;_dmarc.longmanlearningbeijing.com;"v=DMARC1; p=reject";;;
TXT;Delete;common;_dmarc.longmantaiwan.com;"v=DMARC1; p=reject";;;
TXT;Delete;common;_dmarc.louisianaconnectionsacademy.com;"v=DMARC1; p=reject";;;
TXT;Delete;common;_dmarc.louisianaconnectionsacademy.org;"v=DMARC1; p=reject";;;
TXT;Delete;common;_dmarc.lovelearningagain.com;"v=DMARC1; p=reject";;;
TXT;Delete;common;_dmarc.lovelearningagain.net;"v=DMARC1; p=reject";;;
TXT;Delete;common;_dmarc.lovelearningagain.org;"v=DMARC1; p=reject";;;
TXT;Delete;common;_dmarc.lowcountryconnectionsacademy.com;"v=DMARC1; p=reject";;;
TXT;Delete;common;_dmarc.lowcountryconnectionsacademy.net;"v=DMARC1; p=reject";;;
TXT;Delete;common;_dmarc.lowcountryconnectionsacademy.org;"v=DMARC1; p=reject";;;
TXT;Delete;common;_dmarc.lumerit.info;"v=DMARC1; p=reject";;;
TXT;Delete;common;_dmarc.lumerit.net;"v=DMARC1; p=reject";;;
TXT;Delete;common;_dmarc.lumerit.org;"v=DMARC1; p=reject";;;
TXT;Delete;common;_dmarc.lumeriteducation.com;"v=DMARC1; p=reject";;;
TXT;Delete;common;_dmarc.lumeriteducation.org;"v=DMARC1; p=reject";;;
TXT;Delete;common;_dmarc.lumeritscholar.com;"v=DMARC1; p=reject";;;
TXT;Delete;common;_dmarc.lumeritscholar.net;"v=DMARC1; p=reject";;;
TXT;Delete;common;_dmarc.lumeritscholar.org;"v=DMARC1; p=reject";;;
TXT;Delete;common;_dmarc.mandc-dev.com;"v=DMARC1; p=reject";;;
TXT;Delete;common;_dmarc.mandc-test.com;"v=DMARC1; p=reject";;;
TXT;Delete;common;_dmarc.marylandconnectionsacademy.com;"v=DMARC1; p=reject";;;
TXT;Delete;common;_dmarc.masteringmicrobiology.com;"v=DMARC1; p=reject";;;
TXT;Delete;common;_dmarc.mathfax.com;"v=DMARC1; p=reject";;;
TXT;Delete;common;_dmarc.mathxl.biz;"v=DMARC1; p=reject";;;
TXT;Delete;common;_dmarc.michiganconnectionsacademy.net;"v=DMARC1; p=reject";;;
TXT;Delete;common;_dmarc.michiganconnectionsacademy.org;"v=DMARC1; p=reject";;;
TXT;Delete;common;_dmarc.michiganonline.academy;"v=DMARC1; p=reject";;;
TXT;Delete;common;_dmarc.michiganupliftacademy.com;"v=DMARC1; p=reject";;;
TXT;Delete;common;_dmarc.milburnhighschool.org;"v=DMARC1; p=reject";;;
TXT;Delete;common;_dmarc.military2pm.com;"v=DMARC1; p=reject";;;
TXT;Delete;common;_dmarc.mindhubpro.com;"v=DMARC1; p=reject";;;
TXT;Delete;common;_dmarc.minnesotaconnectionsacademy.org;"v=DMARC1; p=reject";;;
TXT;Delete;common;_dmarc.misdvirtualschool.com;"v=DMARC1; p=reject";;;
TXT;Delete;common;_dmarc.misdvirtualschool.org;"v=DMARC1; p=reject";;;
TXT;Delete;common;_dmarc.mississippiconnectionsacademy.com;"v=DMARC1; p=reject";;;
TXT;Delete;common;_dmarc.mississippiconnectionsacademy.net;"v=DMARC1; p=reject";;;
TXT;Delete;common;_dmarc.mississippiconnectionsacademy.org;"v=DMARC1; p=reject";;;
TXT;Delete;common;_dmarc.missouriconnectionsacademy.com;"v=DMARC1; p=reject";;;
TXT;Delete;common;_dmarc.missouriconnectionsacademy.org;"v=DMARC1; p=reject";;;
TXT;Delete;common;_dmarc.mobileclassroom.com;"v=DMARC1; p=reject";;;
TXT;Delete;common;_dmarc.montanaconnectionsacademy.com;"v=DMARC1; p=reject";;;
TXT;Delete;common;_dmarc.movipk5.com;"v=DMARC1; p=reject";;;
TXT;Delete;common;_dmarc.movipk5.org;"v=DMARC1; p=reject";;;
TXT;Delete;common;_dmarc.myaccountingalb.com;"v=DMARC1; p=reject";;;
TXT;Delete;common;_dmarc.myaccountinglabmathxl.com;"v=DMARC1; p=reject";;;
TXT;Delete;common;_dmarc.myaccountinglav.com;"v=DMARC1; p=reject";;;
TXT;Delete;common;_dmarc.myamericangovernmentlab.org;"v=DMARC1; p=reject";;;
TXT;Delete;common;_dmarc.myamericanhistorylab.org;"v=DMARC1; p=reject";;;
TXT;Delete;common;_dmarc.myccountinglab.com;"v=DMARC1; p=reject";;;
TXT;Delete;common;_dmarc.mycomplab.org;"v=DMARC1; p=reject";;;
TXT;Delete;common;_dmarc.myenterprisefluency.com;"v=DMARC1; p=reject";;;
TXT;Delete;common;_dmarc.myfashionkit.com;"v=DMARC1; p=reject";;;
TXT;Delete;common;_dmarc.myfundamentalskit.org;"v=DMARC1; p=reject";;;
TXT;Delete;common;_dmarc.myfundamentalslab.org;"v=DMARC1; p=reject";;;
TXT;Delete;common;_dmarc.mygovernmentlab.net;"v=DMARC1; p=reject";;;
TXT;Delete;common;_dmarc.mygovernmentlab.org;"v=DMARC1; p=reject";;;
TXT;Delete;common;_dmarc.myhumanitieslab.net;"v=DMARC1; p=reject";;;
TXT;Delete;common;_dmarc.myhumanitieslab.org;"v=DMARC1; p=reject";;;
TXT;Delete;common;_dmarc.myinternatonalrelationslab.net;"v=DMARC1; p=reject";;;
TXT;Delete;common;_dmarc.myinternatonalrelationslab.org;"v=DMARC1; p=reject";;;
TXT;Delete;common;_dmarc.mylabsouthasia.com;"v=DMARC1; p=reject";;;
TXT;Delete;common;_dmarc.myliteraturekit.org;"v=DMARC1; p=reject";;;
TXT;Delete;common;_dmarc.myliteraturelab.org;"v=DMARC1; p=reject";;;
TXT;Delete;common;_dmarc.mylitlab.net;"v=DMARC1; p=reject";;;
TXT;Delete;common;_dmarc.mylitlab.org;"v=DMARC1; p=reject";;;
TXT;Delete;common;_dmarc.mylpnlab.com;"v=DMARC1; p=reject";;;
TXT;Delete;common;_dmarc.mymathlabglobal.com;"v=DMARC1; p=reject";;;
TXT;Delete;common;_dmarc.myphilosophylab.org;"v=DMARC1; p=reject";;;
TXT;Delete;common;_dmarc.mypoliscikit.org;"v=DMARC1; p=reject";;;
TXT;Delete;common;_dmarc.mypoliscilab.org;"v=DMARC1; p=reject";;;
TXT;Delete;common;_dmarc.myreadinglab.net;"v=DMARC1; p=reject";;;
TXT;Delete;common;_dmarc.myreadinglab.org;"v=DMARC1; p=reject";;;
TXT;Delete;common;_dmarc.myrnlab.com;"v=DMARC1; p=reject";;;
TXT;Delete;common;_dmarc.myscienceonline.net;"v=DMARC1; p=reject";;;
TXT;Delete;common;_dmarc.myscienceonline.org;"v=DMARC1; p=reject";;;
TXT;Delete;common;_dmarc.mytechcommlab.org;"v=DMARC1; p=reject";;;
TXT;Delete;common;_dmarc.myworldhistorylab.mobi;"v=DMARC1; p=reject";;;
TXT;Delete;common;_dmarc.myworldhistorylab.org;"v=DMARC1; p=reject";;;
TXT;Delete;common;_dmarc.nationalconnectionsacademy.net;"v=DMARC1; p=reject";;;
TXT;Delete;common;_dmarc.nationalconnectionsacademy.org;"v=DMARC1; p=reject";;;
TXT;Delete;common;_dmarc.nevadaconnectionsacademy.net;"v=DMARC1; p=reject";;;
TXT;Delete;common;_dmarc.nevadaconnectionsacademy.org;"v=DMARC1; p=reject";;;
TXT;Delete;common;_dmarc.newconnectionsacademy.org;"v=DMARC1; p=reject";;;
TXT;Delete;common;_dmarc.newhampshireconnectionsacademy.com;"v=DMARC1; p=reject";;;
TXT;Delete;common;_dmarc.newmexicoconnectionsacademy.net;"v=DMARC1; p=reject";;;
TXT;Delete;common;_dmarc.newmexicoconnectionsacademy.org;"v=DMARC1; p=reject";;;
TXT;Delete;common;_dmarc.newyorkconnectionsacademy.com;"v=DMARC1; p=reject";;;
TXT;Delete;common;_dmarc.nexacad.org;"v=DMARC1; p=reject";;;
TXT;Delete;common;_dmarc.nexusacademyhighschool.com;"v=DMARC1; p=reject";;;
TXT;Delete;common;_dmarc.nexusacademyinfo.com;"v=DMARC1; p=reject";;;
TXT;Delete;common;_dmarc.nexusacademyofcleveland.com;"v=DMARC1; p=reject";;;
TXT;Delete;common;_dmarc.northdakotaconnectionsacademy.com;"v=DMARC1; p=reject";;;
TXT;Delete;common;_dmarc.northstaronlineschool.net;"v=DMARC1; p=reject";;;
TXT;Delete;common;_dmarc.ohioconnectionsacademy.com;"v=DMARC1; p=reject";;;
TXT;Delete;common;_dmarc.ohioconnectionsacademy.org;"v=DMARC1; p=reject";;;
TXT;Delete;common;_dmarc.oklahomaconnectionsacademy.org;"v=DMARC1; p=reject";;;
TXT;Delete;common;_dmarc.oklahomaonline.academy;"v=DMARC1; p=reject";;;
TXT;Delete;common;_dmarc.oregonconnectionsacademy.net;"v=DMARC1; p=quarantine";;;
TXT;Delete;common;_dmarc.oregonconnectionsacademy.org;"v=DMARC1; p=quarantine";;;
TXT;Delete;common;_dmarc.oregoncyberacademy.com;"v=DMARC1; p=quarantine";;;
TXT;Delete;common;_dmarc.oregoncyberacademy.net;"v=DMARC1; p=quarantine";;;
TXT;Delete;common;_dmarc.oregoncyberacademy.org;"v=DMARC1; p=quarantine";;;
TXT;Delete;common;_dmarc.oregononlineacademy.net;"v=DMARC1; p=quarantine";;;
TXT;Delete;common;_dmarc.ourdiscoveryisland.com;"v=DMARC1; p=quarantine";;;
TXT;Delete;common;_dmarc.pacificnorthwestconnectionsacademy.com;"v=DMARC1; p=reject";;;
TXT;Delete;common;_dmarc.pacificnorthwestconnectionsacademy.net;"v=DMARC1; p=reject";;;
TXT;Delete;common;_dmarc.pacificnorthwestconnectionsacademy.org;"v=DMARC1; p=reject";;;
TXT;Delete;common;_dmarc.paconnectionsacademy.org;"v=DMARC1; p=reject";;;
TXT;Delete;common;_dmarc.pamobileclassroom.com;"v=DMARC1; p=reject";;;
TXT;Delete;common;_dmarc.pearonassess.com;"v=DMARC1; p=reject";;;
TXT;Delete;common;_dmarc.pearsaonassess.com;"v=DMARC1; p=reject";;;
TXT;Delete;common;_dmarc.pearsnassess.com;"v=DMARC1; p=reject";;;
TXT;Delete;common;_dmarc.pearson.cloud;"v=DMARC1; p=reject";;;
TXT;Delete;common;_dmarc.pearson.com.tw;"v=DMARC1; p=reject";;;
TXT;Delete;common;_dmarc.pearson.info;"v=DMARC1; p=reject";;;
TXT;Delete;common;_dmarc.pearson.study;"v=DMARC1; p=reject";;;
TXT;Delete;common;_dmarc.pearsonaasess.com;"v=DMARC1; p=reject";;;
TXT;Delete;common;_dmarc.pearsonappstore.com;"v=DMARC1; p=reject";;;
TXT;Delete;common;_dmarc.pearsonappstore.net;"v=DMARC1; p=reject";;;
TXT;Delete;common;_dmarc.pearsonasaess.com;"v=DMARC1; p=reject";;;
TXT;Delete;common;_dmarc.pearsonasesess.com;"v=DMARC1; p=reject";;;
TXT;Delete;common;_dmarc.pearsonasesss.com;"v=DMARC1; p=reject";;;
TXT;Delete;common;_dmarc.pearsonassessd.com;"v=DMARC1; p=reject";;;
TXT;Delete;common;_dmarc.pearsonassesse.com;"v=DMARC1; p=reject";;;
TXT;Delete;common;_dmarc.pearsonassessment.com;"v=DMARC1; p=reject";;;
TXT;Delete;common;_dmarc.pearsonassexss.com;"v=DMARC1; p=reject";;;
TXT;Delete;common;_dmarc.pearsoncanada.info;"v=DMARC1; p=reject";;;
TXT;Delete;common;_dmarc.pearsoncontracts.com;"v=DMARC1; p=reject";;;
TXT;Delete;common;_dmarc.pearsondestek.com;"v=DMARC1; p=reject";;;
TXT;Delete;common;_dmarc.pearsondev.tech;"v=DMARC1; p=reject";;;
TXT;Delete;common;_dmarc.pearsondevinternal.tech;"v=DMARC1; p=reject";;;
TXT;Delete;common;_dmarc.pearsoneasybridge.com;"v=DMARC1; p=reject";;;
TXT;Delete;common;_dmarc.pearsonedasia.com;"v=DMARC1; p=reject";;;
TXT;Delete;common;_dmarc.pearsoned-asia.com;"v=DMARC1; p=reject";;;
TXT;Delete;common;_dmarc.pearson-edi.com;"v=DMARC1; p=reject";;;
TXT;Delete;common;_dmarc.pearsonenglishactivereaders.com;"v=DMARC1; p=reject";;;
TXT;Delete;common;_dmarc.pearsonenglishinteractive.com;"v=DMARC1; p=reject";;;
TXT;Delete;common;_dmarc.pearsonenglishkidsreaders.com;"v=DMARC1; p=reject";;;
TXT;Delete;common;_dmarc.pearsonhassess.com;"v=DMARC1; p=reject";;;
TXT;Delete;common;_dmarc.pearsoninternational-schools.com;"v=DMARC1; p=reject";;;
TXT;Delete;common;_dmarc.pearsonlatam.com;"v=DMARC1; p=reject";;;
TXT;Delete;common;_dmarc.pearsonlawschool.com;"v=DMARC1; p=reject";;;
TXT;Delete;common;_dmarc.pearsonlearningsuite.com;"v=DMARC1; p=reject";;;
TXT;Delete;common;_dmarc.pearsonmails.com;"v=DMARC1; p=reject";;;
TXT;Delete;common;_dmarc.pearsonmycourse.info;"v=DMARC1; p=reject";;;
TXT;Delete;common;_dmarc.pearsonnextgen.com;"v=DMARC1; p=reject";;;
TXT;Delete;common;_dmarc.pearsononlineacademy.net;"v=DMARC1; p=reject";;;
TXT;Delete;common;_dmarc.pearsonopenideas.com;"v=DMARC1; p=reject";;;
TXT;Delete;common;_dmarc.pearsonplus.net;"v=DMARC1; p=reject";;;
TXT;Delete;common;_dmarc.pearsonprd.tech;"v=DMARC1; p=reject";;;
TXT;Delete;common;_dmarc.pearsonprdinternal.tech;"v=DMARC1; p=reject";;;
TXT;Delete;common;_dmarc.pearsonqualifications.org;"v=DMARC1; p=reject";;;
TXT;Delete;common;_dmarc.pearsonrealize.com;"v=DMARC1; p=reject";;;
TXT;Delete;common;_dmarc.pearsonsasess.com;"v=DMARC1; p=reject";;;
TXT;Delete;common;_dmarc.pearsonschoolinternational.com;"v=DMARC1; p=reject";;;
TXT;Delete;common;_dmarc.pearsonsecurity.com;"v=DMARC1; p=reject";;;
TXT;Delete;common;_dmarc.pearsonssess.com;"v=DMARC1; p=reject";;;
TXT;Delete;common;_dmarc.pearsonsssess.com;"v=DMARC1; p=reject";;;
TXT;Delete;common;_dmarc.pearsonteachingawards.in;"v=DMARC1; p=reject";;;
TXT;Delete;common;_dmarc.pearsontq.com;"v=DMARC1; p=reject";;;
TXT;Delete;common;_dmarc.pearsontqconstruction.com;"v=DMARC1; p=reject";;;
TXT;Delete;common;_dmarc.pearsonturkey.com;"v=DMARC1; p=reject";;;
TXT;Delete;common;_dmarc.pearsonturkiye.com;"v=DMARC1; p=reject";;;
TXT;Delete;common;_dmarc.peasonassess.com;"v=DMARC1; p=reject";;;
TXT;Delete;common;_dmarc.pecosconnectionsacademy.com;"v=DMARC1; p=reject";;;
TXT;Delete;common;_dmarc.pennsylvaniaconnectionsacademy.com;"v=DMARC1; p=reject";;;
TXT;Delete;common;_dmarc.pennsylvaniaconnectionsacademy.org;"v=DMARC1; p=reject";;;
TXT;Delete;common;_dmarc.pennsylvaniacyberacademy.org;"v=DMARC1; p=reject";;;
TXT;Delete;common;_dmarc.pennsylvaniamobileclassroom.com;"v=DMARC1; p=reject";;;
TXT;Delete;common;_dmarc.pentheweb.com;"v=DMARC1; p=reject";;;
TXT;Delete;common;_dmarc.pioneereducation.com;"v=DMARC1; p=reject";;;
TXT;Delete;common;_dmarc.pnwconnectionsacedemy.com;"v=DMARC1; p=reject";;;
TXT;Delete;common;_dmarc.pnwconnectionsacedemy.net;"v=DMARC1; p=reject";;;
TXT;Delete;common;_dmarc.pnwconnectionsacedemy.org;"v=DMARC1; p=reject";;;
TXT;Delete;common;_dmarc.poa.zone;"v=DMARC1; p=reject";;;
TXT;Delete;common;_dmarc.poadev.zone;"v=DMARC1; p=reject";;;
TXT;Delete;common;_dmarc.poatest.zone;"v=DMARC1; p=reject";;;
TXT;Delete;common;_dmarc.ppe-pearsoneasybridge.com;"v=DMARC1; p=reject";;;
TXT;Delete;common;_dmarc.propero.com;"v=DMARC1; p=reject";;;
TXT;Delete;common;_dmarc.ptechina.org;"v=DMARC1; p=reject";;;
TXT;Delete;common;_dmarc.qiactive.biz;"v=DMARC1; p=reject";;;
TXT;Delete;common;_dmarc.qiactive.info;"v=DMARC1; p=reject";;;
TXT;Delete;common;_dmarc.qiactive.net;"v=DMARC1; p=reject";;;
TXT;Delete;common;_dmarc.qiactive.org;"v=DMARC1; p=reject";;;
TXT;Delete;common;_dmarc.reachcybercharter.com;"v=DMARC1; p=reject";;;
TXT;Delete;common;_dmarc.readypoint.net;"v=DMARC1; p=reject";;;
TXT;Delete;common;_dmarc.realed.com;"v=DMARC1; p=reject";;;
TXT;Delete;common;_dmarc.realeducation.com;"v=DMARC1; p=reject";;;
TXT;Delete;common;_dmarc.rhodeislandconnectionsacademy.net;"v=DMARC1; p=reject";;;
TXT;Delete;common;_dmarc.rhodeislandconnectionsacademy.org;"v=DMARC1; p=reject";;;
TXT;Delete;common;_dmarc.royaltydirect.com;"v=DMARC1; p=reject";;;
TXT;Delete;common;_dmarc.scconnectionsacademy.com;"v=DMARC1; p=reject";;;
TXT;Delete;common;_dmarc.skilled2succeed.org;"v=DMARC1; p=quarantine";;;
TXT;Delete;common;_dmarc.southcarolinaconnectionsacademy.net;"v=DMARC1; p=reject";;;
TXT;Delete;common;_dmarc.southcarolinaconnectionsacademy.org;"v=DMARC1; p=reject";;;
TXT;Delete;common;_dmarc.southdakotaconnectionsacademy.com;"v=DMARC1; p=reject";;;
TXT;Delete;common;_dmarc.static-ecollege.com;"v=DMARC1; p=reject";;;
TXT;Delete;common;_dmarc.studycontent.com;"v=DMARC1; p=reject";;;
TXT;Delete;common;_dmarc.swfconline.org;"v=DMARC1; p=reject";;;
TXT;Delete;common;_dmarc.swhealthedonline.com;"v=DMARC1; p=reject";;;
TXT;Delete;common;_dmarc.tamuc.org;"v=DMARC1; p=reject";;;
TXT;Delete;common;_dmarc.teacherassistant.net;"v=DMARC1; p=reject";;;
TXT;Delete;common;_dmarc.texasconnectionsacademy.org;"v=DMARC1; p=reject";;;
TXT;Delete;common;_dmarc.thebusinessgym.net;"v=DMARC1; p=reject";;;
TXT;Delete;common;_dmarc.thevfxcareersguide.com;"v=DMARC1; p=reject";;;
TXT;Delete;common;_dmarc.thewolfacademy.com;"v=DMARC1; p=reject";;;
TXT;Delete;common;_dmarc.thewolfacademy.org;"v=DMARC1; p=reject";;;
TXT;Delete;common;_dmarc.thurgoodmarshallcollegefundcollegiateacademy.net;"v=DMARC1; p=quarantine";;;
TXT;Delete;common;_dmarc.thurgoodmarshallcollegefundcollegiateacademy.org;"v=DMARC1; p=reject";;;
TXT;Delete;common;_dmarc.tiffinonline.org;"v=DMARC1; p=reject";;;
TXT;Delete;common;_dmarc.tmcfca.net;"v=DMARC1; p=reject";;;
TXT;Delete;common;_dmarc.tmcfca.org;"v=DMARC1; p=reject";;;
TXT;Delete;common;_dmarc.tnconnectionsacademy.com;"v=DMARC1; p=reject";;;
TXT;Delete;common;_dmarc.tristateonline.org;"v=DMARC1; p=reject";;;
TXT;Delete;common;_dmarc.uclaonline.org;"v=DMARC1; p=reject";;;
TXT;Delete;common;_dmarc.uklearns.co.uk;"v=DMARC1; p=reject";;;
TXT;Delete;common;_dmarc.undergraduateexam.in;"v=DMARC1; p=reject";;;
TXT;Delete;common;_dmarc.utahconnectionsacademy.com;"v=DMARC1; p=reject";;;
TXT;Delete;common;_dmarc.utahconnectionsacademy.net;"v=DMARC1; p=reject";;;
TXT;Delete;common;_dmarc.utahconnectionsacademy.org;"v=DMARC1; p=reject";;;
TXT;Delete;common;_dmarc.vermontconnectionsacademy.com;"v=DMARC1; p=reject";;;
TXT;Delete;common;_dmarc.virginiaconnectionsacademy.com;"v=DMARC1; p=reject";;;
TXT;Delete;common;_dmarc.virginiaconnectionsacademy.net;"v=DMARC1; p=reject";;;
TXT;Delete;common;_dmarc.virginiaconnectionsacademy.org;"v=DMARC1; p=reject";;;
TXT;Delete;common;_dmarc.virtuallearningconnections.com;"v=DMARC1; p=reject";;;
TXT;Delete;common;_dmarc.virtualmobileclassroom.com;"v=DMARC1; p=reject";;;
TXT;Delete;common;_dmarc.virtualschoolreport.com;"v=DMARC1; p=reject";;;
TXT;Delete;common;_dmarc.virtualschoolreport.org;"v=DMARC1; p=reject";;;
TXT;Delete;common;_dmarc.waconnectionsacademy.com;"v=DMARC1; p=reject";;;
TXT;Delete;common;_dmarc.wais-iv.com;"v=DMARC1; p=reject";;;
TXT;Delete;common;_dmarc.washingtoncyberacademy.com;"v=DMARC1; p=reject";;;
TXT;Delete;common;_dmarc.washingtoncyberacademy.org;"v=DMARC1; p=reject";;;
TXT;Delete;common;_dmarc.washingtononlineacademy.net;"v=DMARC1; p=reject";;;
TXT;Delete;common;_dmarc.washingtononlineacademy.org;"v=DMARC1; p=reject";;;
TXT;Delete;common;_dmarc.washingtonvirtualschool.com;"v=DMARC1; p=reject";;;
TXT;Delete;common;_dmarc.washingtonvirtualschool.net;"v=DMARC1; p=reject";;;
TXT;Delete;common;_dmarc.washingtonvirtualschool.org;"v=DMARC1; p=reject";;;
TXT;Delete;common;_dmarc.washoeinnovationacademy.com;"v=DMARC1; p=reject";;;
TXT;Delete;common;_dmarc.washoeinnovationacademy.net;"v=DMARC1; p=reject";;;
TXT;Delete;common;_dmarc.washoeinnovationacademy.org;"v=DMARC1; p=reject";;;
TXT;Delete;common;_dmarc.washoeonlinelearningforthefuture.com;"v=DMARC1; p=reject";;;
TXT;Delete;common;_dmarc.washoeonlinelearningforthefuture.org;"v=DMARC1; p=reject";;;
TXT;Delete;common;_dmarc.westvirginiaconnectionsacademy.com;"v=DMARC1; p=reject";;;
TXT;Delete;common;_dmarc.widerange.com;"v=DMARC1; p=reject";;;
TXT;Delete;common;_dmarc.willametteconnectionsacademy.net;"v=DMARC1; p=reject";;;
TXT;Delete;common;_dmarc.willametteconnectionsacademy.org;"v=DMARC1; p=reject";;;
TXT;Delete;common;_dmarc.willamettevalleyconnectionsacademy.com;"v=DMARC1; p=reject";;;
TXT;Delete;common;_dmarc.willamettevalleyconnectionsacademy.net;"v=DMARC1; p=reject";;;
TXT;Delete;common;_dmarc.willamettevalleyconnectionsacademy.org;"v=DMARC1; p=reject";;;
TXT;Delete;common;_dmarc.wisconsinconnectionsacademy.com;"v=DMARC1; p=reject";;;
TXT;Delete;common;_dmarc.wisconsinconnectionsacademy.org;"v=DMARC1; p=reject";;;
TXT;Delete;common;_dmarc.wolflearning.org;"v=DMARC1; p=reject";;;
TXT;Delete;common;_dmarc.wolfonlineacademy.com;"v=DMARC1; p=reject";;;
TXT;Delete;common;_dmarc.wolfonlineacademy.net;"v=DMARC1; p=reject";;;
TXT;Delete;common;_dmarc.wolfonlineacademy.org;"v=DMARC1; p=reject";;;
TXT;Delete;common;_dmarc.wvsonline.org;"v=DMARC1; p=reject";;;
TXT;Delete;common;_dmarc.wwpearsonassess.com;"v=DMARC1; p=reject";;;
TXT;Delete;common;_dmarc.www-pearsonassess.com;"v=DMARC1; p=reject";;;
TXT;Delete;common;_dmarc.wyomingconnectionsacademy.net;"v=DMARC1; p=reject";;;
TXT;Delete;common;_dmarc.wyomingconnectionsacademy.org;"v=DMARC1; p=reject";;;
TXT;Delete;common;_dmarc.xalgebra.com;"v=DMARC1; p=reject";;;
TXT;Delete;common;_dmarc.x-kit.mobi;"v=DMARC1; p=reject";;;
TXT;Delete;common;_dmarc.connectionseducation.com;"v=DMARC1;p=quarantine;rua=mailto:bb264152e6@rua.easydmarc.us;ruf=mailto:bb264152e6@ruf.easydmarc.us;fo=1";;;
TXT;Delete;common;_dmarc.initial-elpac.com;"v=DMARC1; p=none; fo=1; rua=mailto:dmarc_rua@initial-elpac.com;ruf=mailto:dmarc_ruf@initial-elpac.com.com";;;
TXT;Delete;common;_dmarc.northeasternonlinemba.com;"v=DMARC1; p=none; fo=1; rua=mailto:dmarc_rua@northeasternonlinemba.com;ruf=mailto:dmarc_ruf@northeasternonlinemba.com";;;
TXT;Delete;common;_dmarc.myneuonline.com;"v=DMARC1; p=none; fo=1; rua=mailto:dmarc_rua@emaildefense.proofpoint.com;ruf=mailto:dmarc_ruf@emaildefense.proofpoint.com";;;
TXT;Delete;common;_dmarc.wemakestories.com;"v=DMARC1; p=reject; pct=100; fo=1; ri=3600; rua=mailto:6d18f5e1@inbox.ondmarc.com; ruf=mailto:6d18f5e1@inbox.ondmarc.com;";;;
TXT;Delete;common;_dmarc.thenwecametotheend.co.uk;"v=DMARC1; p=reject; pct=100; fo=1; ri=3600; rua=mailto:6d18f5e1@inbox.ondmarc.com; ruf=mailto:6d18f5e1@inbox.ondmarc.com;";;;
TXT;Delete;common;_dmarc.spinebreakers.co.uk;"v=DMARC1; p=reject; pct=100; fo=1; ri=3600; rua=mailto:6d18f5e1@inbox.ondmarc.com; ruf=mailto:6d18f5e1@inbox.ondmarc.com";;;
TXT;Delete;common;_dmarc.puffinbookclub.co.uk;"v=DMARC1; p=reject; pct=100; fo=1; ri=3600; rua=mailto:6d18f5e1@inbox.ondmarc.com; ruf=mailto:6d18f5e1@inbox.ondmarc.com";;;
TXT;Delete;common;_dmarc.peterrabbit.com;"v=DMARC1; p=reject; pct=100; fo=1; ri=3600; rua=mailto:6d18f5e1@inbox.ondmarc.com; ruf=mailto:6d18f5e1@inbox.ondmarc.com;";;;